{
    "vertices":[1,-1,-1,1,-1,1,-1,-1,1,-0.497351,-1.54337,-1.34204,0.964199,1.57744,-1.63069,1.98316,0.681505,0.838848,-1,1,1,-0.936121,1.35742,-0.251691,1.22474,-1.22474,0,1.79424,-1.5003,-1.74226,1.22474,-0,-1.22474,0.126685,-1.92241,1.63179,1.22474,0,1.22474,-1.22474,-1.22474,-0,-1.40887,-0.607678,1.54191,-1.32615,-0.26094,-1.41849,1.22474,1.22474,1e-06,0,1.22474,-1.22474,-0.087099,0.676825,2.09729,-1.65426,0.534231,0.524742,-0.306832,0.532979,-1.39631,-2.27317,-0.411491,0.141757,0.462463,-0.24442,2.0115,1.95485,-0.487856,0.450247,0.034655,1.75588,-0.050754,0,-1.73205,-0],
    "name":"CubeGeometry",
    "faces":[33,25,11,2,13,0,0,0,0,33,24,19,6,18,1,1,1,1,33,23,16,5,12,2,2,2,2,33,22,18,6,14,3,3,3,3,33,21,19,7,15,4,4,4,4,33,20,9,3,15,5,5,5,5,33,17,20,15,7,6,6,6,6,33,4,10,20,17,7,7,7,7,33,10,0,9,20,8,8,8,8,33,13,21,15,3,9,9,9,9,33,2,14,21,13,10,10,10,10,33,14,6,19,21,11,11,11,11,33,11,22,14,2,12,12,12,12,33,1,12,22,11,13,13,13,13,33,12,5,18,22,14,14,14,14,33,8,23,12,1,15,15,15,15,33,0,10,23,8,16,16,16,16,33,10,4,16,23,17,17,17,17,33,16,24,18,5,18,18,18,18,33,4,17,24,16,19,19,19,19,33,17,7,19,24,20,20,20,20,33,9,25,13,3,21,21,21,21,33,0,8,25,9,22,22,22,22,33,8,1,11,25,23,23,23,23],
    "uvs":[],
    "normals":[-0.533811,0.082277,0.841592,-0.363155,0.281369,-0.888229,0.99967,-0.018168,0.018168,-0.487775,0.863446,-0.128595,-0.784335,-0.343741,-0.516392,-0.109449,-0.993865,0.015931,-0.508622,-0.669534,-0.54132,-0.100202,-0.989909,0.100202,0.700751,-0.549133,-0.455413,-0.698437,-0.367379,0.614181,-0.542253,0.255566,0.800404,-0.754459,0.562221,-0.338674,-0.380707,0.839704,0.387246,0.736972,0.609662,0.291863,0.579249,0.811555,-0.076477,0.618146,0.555831,0.555831,0.823804,-0.400841,0.400841,0.947379,-0.226355,-0.226355,0.290875,0.408026,-0.865394,0.070747,-0.070747,-0.994982,-0.380604,0.005096,-0.924724,-0.140089,-0.08675,0.986331,0.751415,0.335477,0.568182,0.569392,0.031948,0.821445],
    "metadata":{
        "type":"Geometry",
        "vertices":26,
        "faces":24,
        "generator":"io_three",
        "version":3,
        "uvs":0,
        "normals":24
    }
}