{
    "vertices":[0.999703,-1.00002,-0.999264,0.999446,-0.999547,0.999969,-0.999788,-0.999338,0.999711,-0.497087,-1.54311,-1.34124,0.964267,1.57629,-1.63032,1.98243,0.681172,0.838608,-0.999579,0.999895,0.999238,-0.935525,1.35688,-0.252049,1.22421,-1.22447,0.000435,1.79368,-1.50038,-1.74102,1.2245,-0.000481,-1.22413,0.126288,-1.92136,1.63162,1.22418,9.9e-05,1.22442,-1.22434,-1.22421,0.000119,-1.40853,-0.606996,1.54127,-1.32543,-0.2611,-1.41807,1.22447,1.22408,-0.000144,0.000348,1.22392,-1.22458,-0.087203,0.677008,2.09631,-1.65358,0.53426,0.524188,-0.306417,0.532413,-1.39595,-2.2723,-0.411125,0.141494,0.462063,-0.243962,2.01084,1.95405,-0.487829,0.450428,0.034894,1.75512,-0.051158,-0.000119,-1.73145,0.000397],
    "faces":[41,25,11,2,13,0,1,2,3,0,0,0,0,41,24,19,6,18,4,5,6,7,1,1,1,1,41,23,16,5,12,8,9,10,11,2,2,2,2,41,22,18,6,14,12,13,14,15,3,3,3,3,41,21,19,7,15,16,17,18,19,4,4,4,4,41,20,9,3,15,20,21,22,23,5,5,5,5,41,17,20,15,7,24,25,26,27,6,6,6,6,41,4,10,20,17,28,29,25,24,7,7,7,7,41,10,0,9,20,30,31,32,33,8,8,8,8,41,13,21,15,3,34,35,36,37,9,9,9,9,41,2,14,21,13,2,38,39,3,10,10,10,10,41,14,6,19,21,40,41,42,43,11,11,11,11,41,11,22,14,2,44,45,46,47,12,12,12,12,41,1,12,22,11,48,11,49,50,13,13,13,13,41,12,5,18,22,51,52,53,54,14,14,14,14,41,8,23,12,1,55,56,57,58,15,15,15,15,41,0,10,23,8,59,60,56,55,16,16,16,16,41,10,4,16,23,30,61,62,63,17,17,17,17,41,16,24,18,5,64,65,66,67,18,18,18,18,41,4,17,24,16,68,69,70,71,19,19,19,19,41,17,7,19,24,69,72,73,70,20,20,20,20,41,9,25,13,3,74,75,76,77,21,21,21,21,41,0,8,25,9,59,55,78,79,22,22,22,22,41,8,1,11,25,80,81,82,83,23,23,23,23],
    "normals":[-0.533909,0.082407,0.841516,-0.363098,0.281112,-0.888333,0.99967,-0.018035,0.018277,-0.487873,0.863353,-0.128851,-0.784237,-0.343964,-0.516393,-0.109322,-0.993875,0.016155,-0.508479,-0.669728,-0.541215,-0.100085,-0.989898,0.100426,0.700869,-0.54915,-0.45521,-0.698454,-0.367324,0.614195,-0.54237,0.255686,0.800287,-0.754496,0.562043,-0.338886,-0.380856,0.839747,0.387007,0.736863,0.609826,0.291796,0.579152,0.811612,-0.076609,0.618016,0.556042,0.555764,0.823813,-0.40064,0.401022,0.947432,-0.226286,-0.226202,0.290913,0.407858,-0.86546,0.07086,-0.070973,-0.994958,-0.380508,0.004828,-0.924765,-0.140181,-0.086535,0.986337,0.751312,0.335708,0.568181,0.569302,0.032216,0.821497],
    "metadata":{
        "type":"Geometry",
        "faces":24,
        "version":3,
        "normals":24,
        "generator":"io_three",
        "uvs":1,
        "vertices":26
    },
    "uvs":[[0.499967,0.499802,0.535518,-0.31581,0.21881,0.000144,0.155654,0.499941,0.509814,0.525579,0.034931,0.237906,0.218868,0.000381,0.475474,-0.548153,0.373317,0.256085,0.500041,1.11204,0.264141,0.840586,0.155632,0.50005,0.629955,0.378019,0.475474,0.838504,0.218868,0.999948,0.10385,0.196502,0.460205,0.294437,0.352572,0.76713,0.570889,1.17844,0.898833,0.36945,0.41382,0.766207,1.00447,-0.250192,0.360194,-0.271556,0.127224,0.36945,0.500098,0.111961,0.41382,-0.233793,0.127224,-0.63055,0.236883,0.178439,0.7712,0.288144,0.844389,-0.50024,0.281787,0.49976,0.218543,-1e-05,0.427161,-0.250192,0.330111,0.766207,0.499967,0.887895,0.460205,1.29444,0.898833,1.36945,0.877224,0.728444,0.10385,-0.270632,-0.139085,0.429253,0.629019,0.196502,0.781464,0.999948,0.915072,0.76713,1.0227,0.294437,0.535518,0.539318,0.629955,1.37802,0.10385,1.1965,0.21881,1.00033,0.218759,0.000226,-0.065548,0.378019,0.041107,-0.460682,0.2818,0.50005,0.495058,0.840586,-0.087026,0.838504,0.067455,0.378019,0.499878,0.887767,0.373317,1.25608,0.155632,1.50005,0.218759,1.00023,0.781043,0.99999,0.844287,1.49976,0.396029,1.28814,-0.062459,1.11204,-0.189183,0.256085,0.281881,0.500072,-0.052686,0.525579,-0.087026,-0.548153,0.495058,0.080696,0.7712,0.315162,0.500098,0.112289,0.509814,-0.474421,0.844381,-0.499928,0.236883,-0.373976,0.034931,-0.762094,0.441972,0.370509,-0.062533,-0.500198,-0.406846,-0.500059,-0.202306,0.17062,0.499888,0.634275,0.989661,0.749808,0.281809,0.499783,0.218594,1.5e-05,-0.026982,-0.31581,-0.062533,0.499802]],
    "name":"CubeGeometry"
}