{
    "faces":[33,24,13,8,3,0,0,0,0,33,23,6,1,18,1,1,1,1,33,22,18,1,4,2,2,2,2,33,7,6,2,5,3,3,3,3,33,0,5,20,12,4,4,4,4,33,17,20,5,2,5,5,5,5,33,5,0,3,7,6,6,6,6,33,8,4,7,3,7,7,7,7,33,4,1,6,7,8,8,8,8,33,13,22,4,8,9,9,9,9,33,17,2,6,23,10,10,10,10,33,3,0,12,24,11,11,11,11,33,24,14,8,13,12,12,12,12,33,23,18,10,19,13,13,13,13,33,22,15,10,18,14,14,14,14,33,21,16,11,19,15,15,15,15,33,20,16,9,12,16,16,16,16,33,17,11,16,20,17,17,17,17,33,14,9,16,21,18,18,18,18,33,8,14,21,15,19,19,19,19,33,15,21,19,10,20,20,20,20,33,13,8,15,22,21,21,21,21,33,17,23,19,11,22,22,22,22,33,12,9,14,24,23,23,23,23],
    "uvs":[],
    "metadata":{
        "faces":24,
        "uvs":0,
        "type":"Geometry",
        "vertices":25,
        "normals":24,
        "version":3,
        "generator":"io_three"
    },
    "name":"CubeGeometry",
    "normals":[-0.109449,0.109449,0.987948,-0.602089,-0.60209,-0.524382,-0.61134,0.502519,-0.61134,0.022556,-0.30966,0.95058,-0.446566,-0.775343,0.446566,-0.772032,-0.565387,-0.290353,-0.432718,0.637477,-0.637477,-0.935973,0.248952,0.248953,0.62278,0.553239,0.553238,-0.577619,0.576812,0.577619,-0.563492,0.144397,-0.813404,0.008006,0.008006,0.999936,0.109449,0.109449,0.987948,0.602089,-0.60209,-0.524382,0.61134,0.502519,-0.61134,-0.022556,-0.30966,0.95058,0.446566,-0.775343,0.446566,0.772032,-0.565387,-0.290353,0.432718,0.637477,-0.637477,0.935973,0.248952,0.248953,-0.62278,0.553239,0.553238,0.577619,0.576812,0.577619,0.563492,0.144397,-0.813404,-0.008006,0.008006,0.999936],
    "vertices":[-3.60796,-1.03478,-0.735502,-1,1,1,-1.17657,0.411395,-1.27574,-1,-1,-0,-1,0,1,-1,-0,-1,-3.19512,-1.13789,2.33315,-1,-0,-0,0,-0.656186,3.10346,3.60796,-1.03478,-0.735502,1,1,1,1.17657,0.411395,-1.27574,0,-1,-1,0,-1,1,1,-1,-0,1,0,1,1,-0,-1,0,1.75011,-1.46673,0,1,1,3.19512,-1.13789,2.33315,0,-0.289967,-3.24252,1,-0,-0,0,-0.147641,3.61272,0,1,0,0,-1,-0]
}