{
    "faces":[41,24,13,8,3,0,1,2,3,0,0,0,0,41,23,6,1,18,4,5,6,7,1,1,1,1,41,22,18,1,4,8,7,6,9,2,2,2,2,41,7,6,2,5,10,5,11,12,3,3,3,3,41,0,5,20,12,15,12,13,14,4,4,4,4,41,17,20,5,2,16,13,12,11,5,5,5,5,41,5,0,3,7,12,15,3,10,6,6,6,6,41,8,4,7,3,2,9,10,3,7,7,7,7,41,4,1,6,7,9,6,5,10,8,8,8,8,41,13,22,4,8,1,8,9,2,9,9,9,9,41,17,2,6,23,16,11,5,4,10,10,10,10,41,3,0,12,24,3,15,14,0,11,11,11,11,41,24,14,8,13,0,3,2,1,12,12,12,12,41,23,18,10,19,4,7,6,5,13,13,13,13,41,22,15,10,18,8,9,6,7,14,14,14,14,41,21,16,11,19,10,12,11,5,15,15,15,15,41,20,16,9,12,13,12,15,14,16,16,16,16,41,17,11,16,20,16,11,12,13,17,17,17,17,41,14,9,16,21,3,15,12,10,18,18,18,18,41,8,14,21,15,2,3,10,9,19,19,19,19,41,15,21,19,10,9,10,5,6,20,20,20,20,41,13,8,15,22,1,2,9,8,21,21,21,21,41,17,23,19,11,16,4,5,11,22,22,22,22,41,12,9,14,24,14,15,3,0,23,23,23,23],
    "vertices":[-3.60796,-1.03478,-0.735502,-1,1,1,-1.17657,0.411395,-1.27574,-1,-1,-0,-1,0,1,-1,-0,-1,-3.19512,-1.13789,2.33315,-1,-0,-0,0,-0.656186,3.10346,3.60796,-1.03478,-0.735502,1,1,1,1.17657,0.411395,-1.27574,0,-1,-1,0,-1,1,1,-1,-0,1,0,1,1,-0,-1,0,1.74101,-1.43655,0,1,1,3.19512,-1.13789,2.33315,0,-0.289967,-3.24252,1,-0,-0,0,-0.147641,3.61272,0,1,0,0,-1,-0],
    "name":"CubeGeometry",
    "normals":[-0.109449,0.109449,0.987948,-0.602089,-0.60209,-0.524382,-0.61134,0.502519,-0.61134,0.022556,-0.30966,0.95058,-0.446566,-0.775343,0.446566,-0.768069,-0.566171,-0.299199,-0.432718,0.637477,-0.637477,-0.935973,0.248952,0.248953,0.62278,0.553239,0.553238,-0.577619,0.576812,0.577619,-0.563215,0.144022,-0.813663,0.008006,0.008006,0.999936,0.109449,0.109449,0.987948,0.602089,-0.60209,-0.524382,0.61134,0.502519,-0.61134,-0.022556,-0.30966,0.95058,0.446566,-0.775343,0.446566,0.768069,-0.566171,-0.299199,0.432718,0.637477,-0.637477,0.935973,0.248952,0.248953,-0.62278,0.553239,0.553238,0.577619,0.576812,0.577619,0.563215,0.144022,-0.813663,-0.008006,0.008006,0.999936],
    "metadata":{
        "generator":"io_three",
        "version":3,
        "faces":24,
        "vertices":25,
        "normals":24,
        "uvs":1,
        "type":"Geometry"
    },
    "uvs":[[0.465401,0.598783,0.319463,0.55755,0.126478,0.450448,0.483626,0.474936,0.440891,7.7e-05,0.480542,0.248275,0.404155,0.218738,0.295878,0.12581,7.7e-05,0.436576,0.36124,0.331638,0.495464,0.365832,0.642665,0.296421,0.633048,0.353943,0.999923,0.534153,0.613902,0.598783,0.538701,0.458658,0.846631,0.116305]]
}